the_geom,match_addr,x coordinate,y coordinate,category,layer
POINT (-118.30854600000002 34.013921499999626),"3916 S Western Ave, Los Angeles, CA 90062, USA",-118.308546,34.0139215,City of LA Recreation Center,la_city_recreation_centers
POINT (-118.262506 33.792708399999626),"1450 N Avalon Blvd, Wilmington, CA 90744, USA",-118.262506,33.7927084,City of LA Pool,la_city_year-round_pools
POINT (-118.3017642 34.05421419999963),"3250 San Marino St, Los Angeles, CA 90006, USA",-118.3017642,34.0542142,City of LA Recreation Center,la_city_recreation_centers
POINT (-118.29380350000001 33.741255399999616),"769 W 3rd St, San Pedro, CA 90731, USA",-118.2938035,33.7412554,LA County Cooling Center,coolingcenters
POINT (-118.15024720000001 34.16363799999964),"1020 Fair Oaks Ave, Pasadena, CA 91103, USA",-118.1502472,34.163638,LA County Cooling Center,coolingcenters
POINT (-118.24896200000002 33.93660059999962),"1464 E 109th St, Los Angeles, CA 90059, USA",-118.248962,33.9366006,City of LA Recreation Center,la_city_recreation_centers
POINT (-118.3328166 34.05021239999964),"1240 West Blvd, Los Angeles, CA 90019, USA",-118.3328166,34.0502124,City of LA Recreation Center,la_city_recreation_centers
POINT (-117.7332139 34.115417699999654),"1700 Danbury Rd, Claremont, CA 91711, USA",-117.7332139,34.1154177,LA County Cooling Center,coolingcenters
POINT (-118.3714416 34.21813909999964),"8133 Vineland Ave, Sun Valley, CA 91352, USA",-118.3714416,34.2181391,City of LA Recreation Center,la_city_recreation_centers
POINT (-118.190231 34.02309539999963),"3864 Whittier Blvd, Los Angeles, CA 90023, USA",-118.190231,34.0230954,LA County Cooling Center,coolingcenters
POINT (-118.50301110000001 34.17359839999964),"17015 Burbank Blvd, Encino, CA 91316, USA",-118.5030111,34.1735984,City of LA Recreation Center,la_city_recreation_centers
POINT (-118.26284749999999 34.02388679999962),"2415 Trinity St, Los Angeles, CA 90011, USA",-118.2628475,34.0238868,City of LA Recreation Center,la_city_recreation_centers
POINT (-118.4339714 34.28094079999964),"208 Park Ave, San Fernando, CA 91340, USA",-118.4339714,34.2809408,LA County Cooling Center,coolingcenters
POINT (-117.8297576 34.60346609999964),"16801 E Ave P, Lake Los Angeles, CA 93591, USA",-117.8297576,34.6034661,LA County Cooling Center,coolingcenters
POINT (-118.21414000000001 34.03212089999964),"933 S Mott St, Los Angeles, CA 90023, USA",-118.21414,34.0321209,City of LA Recreation Center,la_city_recreation_centers
POINT (-118.2706603 34.069142699999624),"227 N Lake St, Los Angeles, CA 90026, USA",-118.2706603,34.0691427,City of LA Recreation Center,la_city_recreation_centers
POINT (-118.33459740000002 34.04820669999965),"4526 Pico Blvd, Los Angeles, CA 90019, USA",-118.3345974,34.0482067,City of LA Pool,la_city_year-round_pools
POINT (-118.4443663 33.995161399999645),"2490 Walgrove Ave, Los Angeles, CA 90066, USA",-118.4443663,33.9951614,City of LA Pool,la_city_year-round_pools
POINT (-118.22246339999998 33.89869559999964),"301 N Tamarind Ave, Compton, CA 90220, USA",-118.2224634,33.8986956,LA County Cooling Center,coolingcenters
POINT (-118.2531191 34.14328009999964),"201 E Colorado St, Glendale, CA 91205, USA",-118.2531191,34.1432801,LA County Cooling Center,coolingcenters
POINT (-118.2992635 33.798458399999625),"24901 Frampton Ave, Harbor City, CA 90710, USA",-118.2992635,33.7984584,City of LA Recreation Center,la_city_recreation_centers
POINT (-118.4623862 34.18252509999963),"15100 Erwin St, Van Nuys, CA 91411, USA",-118.4623862,34.1825251,City of LA Recreation Center,la_city_recreation_centers
POINT (-118.2436626 34.001456399999626),"4700 Honduras St, Los Angeles, CA 90011, USA",-118.2436626,34.0014564,City of LA Recreation Center,la_city_recreation_centers
POINT (-118.3042856 34.02351999999964),"1550 W 35th Pl, Los Angeles, CA 90018, USA",-118.3042856,34.02352,City of LA Recreation Center,la_city_recreation_centers
POINT (-118.15586479999999 34.11417249999962),"1100 Oxley St, South Pasadena, CA 91030, USA",-118.1558648,34.1141725,LA County Cooling Center,coolingcenters
POINT (-118.30377359999999 33.98350639999962),"1535 W 62nd St, Los Angeles, CA 90047, USA",-118.3037736,33.9835064,City of LA Recreation Center,la_city_recreation_centers
POINT (-118.2515202 34.020961999999614),"1357 E 22nd St, Los Angeles, CA 90011, USA",-118.2515202,34.020962,City of LA Recreation Center,la_city_recreation_centers
POINT (-118.30657550000001 33.88329139999962),"1670 W 162nd St, Gardena, CA 90247, USA",-118.3065755,33.8832914,LA County Cooling Center,coolingcenters
POINT (-118.31786189999998 34.035126499999606),"2301 W 24th St, Los Angeles, CA 90018, USA",-118.3178619,34.0351265,City of LA Recreation Center,la_city_recreation_centers
POINT (-118.47362550000001 33.986882399999615),"1800 Ocean Front Walk, Venice, CA 90291, USA",-118.4736255,33.9868824,City of LA Recreation Center,la_city_recreation_centers
POINT (-118.3556046 33.96227329999962),"101 W Manchester Blvd, Inglewood, CA 90301, USA",-118.3556046,33.9622733,LA County Cooling Center,coolingcenters
POINT (-118.13798960000001 34.18920179999963),"560 E Mariposa St, Altadena, CA 91001, USA",-118.1379896,34.1892018,LA County Cooling Center,coolingcenters
POINT (-117.96411919999998 33.99354129999961),"16010 La Monde St, Hacienda Heights, CA 91745, USA",-117.9641192,33.9935413,LA County Cooling Center,coolingcenters
POINT (-118.22531080000002 34.08955539999963),"2630 Pepper Ave, Los Angeles, CA 90065, USA",-118.2253108,34.0895554,City of LA Recreation Center,la_city_recreation_centers
POINT (-118.4860256 34.16684259999963),"16200 Burbank Blvd, Encino, CA 91436, USA",-118.4860256,34.1668426,City of LA Recreation Center,la_city_recreation_centers
POINT (-118.2367152 34.098975099999635),"1900 N San Fernando Rd, Los Angeles, CA 90065, USA",-118.2367152,34.0989751,City of LA Recreation Center,la_city_recreation_centers
POINT (-118.4423969 34.16179799999963),"14201 Huston St, Sherman Oaks, CA 91423, USA",-118.4423969,34.161798,City of LA Pool,la_city_year-round_pools
POINT (-118.078504 33.88791109999963),"11949 Alondra Blvd, Norwalk, CA 90650, USA",-118.078504,33.8879111,LA County Cooling Center,coolingcenters
POINT (-118.37102100000001 34.27511239999964),"11075 Foothill Blvd, Lake View Terrace, CA 91342, USA",-118.371021,34.2751124,City of LA Recreation Center,la_city_recreation_centers
POINT (-118.46372199999999 33.99467049999965),"767 California Ave, Venice, CA 90291, USA",-118.463722,33.9946705,City of LA Recreation Center,la_city_recreation_centers
POINT (-118.384269 34.08167759999963),"625 N San Vicente Blvd, West Hollywood, CA 90069, USA",-118.384269,34.0816776,LA County Cooling Center,coolingcenters
POINT (-118.2501954 33.7829712999996),"918 Sanford Ave, Wilmington, CA 90744, USA",-118.2501954,33.7829713,City of LA Recreation Center,la_city_recreation_centers
POINT (-118.24274620000001 33.96974669999963),"7600 Graham Ave, Los Angeles, CA 90001, USA",-118.2427462,33.9697467,LA County Cooling Center,coolingcenters
POINT (-117.91313120000001 34.126660199999634),"320 N Orange Ave, Azusa, CA 91702, USA",-117.9131312,34.1266602,LA County Cooling Center,coolingcenters
POINT (-118.12881759999999 33.939687099999624),"11121 Brookshire Ave, Downey, CA 90241, USA",-118.1288176,33.9396871,LA County Cooling Center,coolingcenters
POINT (-118.31911769999999 33.80527009999962),"24200 Narbonne Ave, Lomita, CA 90717, USA",-118.3191177,33.8052701,LA County Cooling Center,coolingcenters
POINT (-118.5295966 34.37545389999964),"22900 Market St, Santa Clarita, CA 91321, USA",-118.5295966,34.3754539,LA County Cooling Center,coolingcenters
POINT (-118.2666178 34.09241639999963),"1850 W Silver Lake Dr, Los Angeles, CA 90026, USA",-118.2666178,34.0924164,City of LA Recreation Center,la_city_recreation_centers
POINT (-117.7395135 34.04859729999963),"865 E Grand Ave, Pomona, CA 91766, USA",-117.7395135,34.0485973,LA County Cooling Center,coolingcenters
POINT (-118.40054140000001 34.19192259999963),"12240 Archwood St, North Hollywood, CA 91606, USA",-118.4005414,34.1919226,City of LA Recreation Center,la_city_recreation_centers
POINT (-118.2220522 34.04667839999963),"Pecan Recreation Center, 145 S Pecan St, Los Angeles, CA 90033, USA",-118.2220522,34.0466784,City of LA Recreation Center,la_city_recreation_centers
POINT (-118.2937177 33.71113069999962),"3601 S Gaffey St, San Pedro, CA 90731, USA",-118.2937177,33.7111307,City of LA Pool,la_city_year-round_pools
POINT (-118.2146044 34.07219039999965),"2303 Workman St, Los Angeles, CA 90031, USA",-118.2146044,34.0721904,City of LA Recreation Center,la_city_recreation_centers
POINT (-118.19829130000001 33.92598879999962),"11329 Ernestine Ave, Lynwood, CA 90262, USA",-118.1982913,33.9259888,LA County Cooling Center,coolingcenters
POINT (-118.2688332 33.77336459999964),"325 N Neptune Ave, Wilmington, CA 90744, USA",-118.2688332,33.7733646,City of LA Recreation Center,la_city_recreation_centers
POINT (-118.20674500000001 34.02746459999965),"1016 S Fresno St, Los Angeles, CA 90023, USA",-118.206745,34.0274646,City of LA Recreation Center,la_city_recreation_centers
POINT (-118.57156360000002 34.22230309999963),"8401 Winnetka Ave, Winnetka, CA 91306, USA",-118.5715636,34.2223031,City of LA Recreation Center,la_city_recreation_centers
POINT (-118.32196220000002 34.260866999999635),"8651 Foothill Blvd, Sunland-Tujunga, CA 91040, USA",-118.3219622,34.260867,City of LA Recreation Center,la_city_recreation_centers
POINT (-117.91263100000002 33.96614399999963),"18150 Pathfinder Rd, Rowland Heights, CA 91748, USA",-117.912631,33.966144,LA County Cooling Center,coolingcenters
POINT (-118.28637280000001 33.95729039999963),"8800 S Hoover St, Los Angeles, CA 90044, USA",-118.2863728,33.9572904,City of LA Recreation Center,la_city_recreation_centers
POINT (-118.0245554 33.92548879999963),"11543 Colima Rd, Whittier, CA 90604, USA",-118.0245554,33.9254888,LA County Cooling Center,coolingcenters
POINT (-118.2999442 34.04491039999963),"1550 Normandie Ave, Los Angeles, CA 90006, USA",-118.2999442,34.0449104,City of LA Recreation Center,la_city_recreation_centers
POINT (-118.21133300000001 34.73317169999963),"4555 W Ave G, Lancaster, CA 93536, USA",-118.211333,34.7331717,LA County Cooling Center,coolingcenters
POINT (-118.1609984 33.88567079999962),"16254 Colorado Ave, Paramount, CA 90723, USA",-118.1609984,33.8856708,LA County Cooling Center,coolingcenters
POINT (-118.3642286 34.02362789999963),"5401 Highlight Pl, Los Angeles, CA 90016, USA",-118.3642286,34.0236279,City of LA Recreation Center,la_city_recreation_centers
POINT (-118.1003346 34.09761579999963),"100 Clary Ave, San Gabriel, CA 91776, USA",-118.1003346,34.0976158,LA County Cooling Center,coolingcenters
POINT (-118.304687 34.08644749999962),"4959 Lemon Grove Ave, Los Angeles, CA 90029, USA",-118.304687,34.0864475,City of LA Recreation Center,la_city_recreation_centers
POINT (-118.4458283 34.30822269999964),"13109 Borden Ave, Sylmar, CA 91342, USA",-118.4458283,34.3082227,City of LA Recreation Center,la_city_recreation_centers
POINT (-118.305879 33.751084099999616),"560 N Western Ave, San Pedro, CA 90732, USA",-118.305879,33.7510841,City of LA Recreation Center,la_city_recreation_centers
POINT (-117.764143 34.11173999999962),"3680 D Street, La Verne, 91750",-117.764143,34.11174,LA County Cooling Center,coolingcenters
POINT (-118.2722819 33.914985499999624),"12915 Jarvis Ave, Los Angeles, CA 90061, USA",-118.2722819,33.9149855,LA County Cooling Center,coolingcenters
POINT (-118.502972 34.17354429999965),"17017 Burbank Blvd, Encino, CA 91316, USA",-118.502972,34.1735443,City of LA Recreation Center,la_city_recreation_centers
POINT (-118.34318140000002 33.83780799999963),"3301 Torrance Blvd, Torrance, CA 90503, USA",-118.3431814,33.837808,LA County Cooling Center,coolingcenters
POINT (-118.18918379999998 34.14266459999964),"1100 Eagle Vista Dr, Los Angeles, CA 90041, USA",-118.1891838,34.1426646,City of LA Recreation Center,la_city_recreation_centers
POINT (-118.265926 34.00693519999964),"429 E 42nd Pl, Los Angeles, CA 90011, USA",-118.265926,34.0069352,City of LA Recreation Center,la_city_recreation_centers
POINT (-118.0771826 33.860378799999616),"18801 Elaine Ave, Artesia, CA 90701, USA",-118.0771826,33.8603788,LA County Cooling Center,coolingcenters
POINT (-118.5793788 34.26125499999963),"10500 Mason Ave, Chatsworth, CA 91311, USA",-118.5793788,34.261255,City of LA Recreation Center,la_city_recreation_centers
POINT (-118.329602 33.953129999999625),"3400 W Arbor Vitae St, Inglewood, CA 90305, USA",-118.329602,33.95313,LA County Cooling Center,coolingcenters
POINT (-118.222669 34.09089249999961),"3320 Pepper Ave, Los Angeles, CA 90065, USA",-118.222669,34.0908925,City of LA Recreation Center,la_city_recreation_centers
POINT (-118.33597220000001 34.10334039999967),"6671-6699 Yucca St, Los Angeles, CA 90028, USA",-118.3359722,34.1033404,City of LA Recreation Center,la_city_recreation_centers
POINT (-117.9632144 34.08681619999963),"4100 Baldwin Park Blvd, Baldwin Park, CA 91706, USA",-117.9632144,34.0868162,LA County Cooling Center,coolingcenters
POINT (-118.5014044 34.16019579999963),"4935 Balboa Blvd, Encino, CA 91316, USA",-118.5014044,34.1601958,City of LA Recreation Center,la_city_recreation_centers
POINT (-118.53351430000001 34.18728709999964),"18411 Victory Blvd, Reseda, CA 91335, USA",-118.5335143,34.1872871,City of LA Recreation Center,la_city_recreation_centers
POINT (-118.06937740000001 33.91667809999962),"12350 Imperial Hwy, Norwalk, CA 90650, USA",-118.0693774,33.9166781,LA County Cooling Center,coolingcenters
POINT (-118.5508894 34.41540119999965),"23743 Valencia Blvd, Santa Clarita, CA 91355, USA",-118.5508894,34.4154012,LA County Cooling Center,coolingcenters
POINT (-117.93154790000001 34.10676919999964),"16116 Arrow Hwy, Irwindale, CA 91706, USA",-117.9315479,34.1067692,LA County Cooling Center,coolingcenters
POINT (-118.21068160000002 34.02057939999964),"3141 E Olympic Blvd, Los Angeles, CA 90023, USA",-118.2106816,34.0205794,City of LA Recreation Center,la_city_recreation_centers
POINT (-118.28991720000002 33.896303699999635),"840 W 149th St, Gardena, CA 90247, USA",-118.2899172,33.8963037,City of LA Recreation Center,la_city_recreation_centers
POINT (-118.0018656 34.149492399999616),"119 W Palm Ave, Monrovia, CA 91016, USA",-118.0018656,34.1494924,LA County Cooling Center,coolingcenters
POINT (-118.1244485 34.09913689999963),"210 N Chapel Ave, Alhambra, CA 91801, USA",-118.1244485,34.0991369,LA County Cooling Center,coolingcenters
POINT (-118.2829278 34.084037199999635),"826 Lucile Ave, Los Angeles, CA 90026, USA",-118.2829278,34.0840372,City of LA Recreation Center,la_city_recreation_centers
POINT (-118.264745 34.13923779999963),"501 S Pacific Ave, Glendale, CA 91204, USA",-118.264745,34.1392378,LA County Cooling Center,coolingcenters
POINT (-118.3545967 34.01303529999963),"4000 South La Brea Ave, Los Angeles, CA 90008, USA",-118.3545967,34.0130353,City of LA Recreation Center,la_city_recreation_centers
POINT (-118.27632430000001 33.83216839999964),"151 E Carson St, Carson, CA 90745, USA",-118.2763243,33.8321684,LA County Cooling Center,coolingcenters
POINT (-118.259268 34.06444909999964),"1419 Colton St, Los Angeles, CA 90026, USA",-118.259268,34.0644491,City of LA Pool,la_city_year-round_pools
POINT (-118.26654930000001 33.997556299999616),"345 E 51st St, Los Angeles, CA 90011, USA",-118.2665493,33.9975563,City of LA Recreation Center,la_city_recreation_centers
POINT (-118.1554611 34.114138899999666),"1102 Oxley St, South Pasadena, CA 91030, USA",-118.1554611,34.1141389,LA County Cooling Center,coolingcenters
POINT (-118.4421766 34.15992729999963),"14201 Huston St, Sherman Oaks, CA 91423, USA",-118.4421766,34.1599273,City of LA Recreation Center,la_city_recreation_centers
POINT (-118.00223159999999 34.14860109999965),"321 S Myrtle Ave, Monrovia, CA 91016, USA",-118.0022316,34.1486011,LA County Cooling Center,coolingcenters
POINT (-118.5326314 34.25411269999963),"18300 Lemarsh St, Northridge, CA 91325, USA",-118.5326314,34.2541127,City of LA Recreation Center,la_city_recreation_centers
POINT (-118.36004379999999 33.96921609999964),"400 W Beach Ave, Inglewood, CA 90302, USA",-118.3600438,33.9692161,LA County Cooling Center,coolingcenters
POINT (-118.16430330000001 34.04021369999965),"4716 East Cesar E Chavez Avenue, Los Angeles, CA 90022, USA",-118.1643033,34.0402137,LA County Cooling Center,coolingcenters
POINT (-118.1903398 34.085553999999625),"Rose Hill Recreation Center, 4530 Mercury Ave, Los Angeles, CA 90032, USA",-118.1903398,34.085554,City of LA Recreation Center,la_city_recreation_centers
POINT (-117.728539 34.09953899999963),"660 N Mountain Ave, Claremont, CA 91711, USA",-117.728539,34.099539,LA County Cooling Center,coolingcenters
POINT (-118.21115449999999 34.102003599999655),"511 W Ave 46, Los Angeles, CA 90065, USA",-118.2111545,34.1020036,City of LA Recreation Center,la_city_recreation_centers
POINT (-118.6565494 34.19607079999963),"6900 Valley Cir Blvd, West Hills, CA 91307, USA",-118.6565494,34.1960708,City of LA Recreation Center,la_city_recreation_centers
POINT (-118.2690945 33.955906999999634),"431 E 89th St, Los Angeles, CA 90003, USA",-118.2690945,33.955907,City of LA Recreation Center,la_city_recreation_centers
POINT (-118.613398 34.17712399999964),"5858 Shoup Ave, Woodland Hills, CA 91367, USA",-118.613398,34.177124,City of LA Recreation Center,la_city_recreation_centers
POINT (-118.3010894 33.82289829999961),"22400 Halldale Ave, Torrance, CA 90501, USA",-118.3010894,33.8228983,City of LA Recreation Center,la_city_recreation_centers
POINT (-118.1981542 34.050903899999625),"2765 Wabash Ave, Los Angeles, CA 90033, USA",-118.1981542,34.0509039,City of LA Recreation Center,la_city_recreation_centers
POINT (-117.74173210000001 34.09025939999963),"499 E Arrow Hwy, Pomona, CA 91767, USA",-117.7417321,34.0902594,LA County Cooling Center,coolingcenters
POINT (-118.2892513 34.06750429999963),"3191 W 4th St, Los Angeles, CA 90020, USA",-118.2892513,34.0675043,City of LA Recreation Center,la_city_recreation_centers
POINT (-117.8885566 33.98445679999964),"1850 Nogales St, Rowland Heights, CA 91748, USA",-117.8885566,33.9844568,LA County Cooling Center,coolingcenters
POINT (-118.2410128 34.06409099999964),"817 Yale St, Los Angeles, CA 90012, USA",-118.2410128,34.064091,City of LA Recreation Center,la_city_recreation_centers
POINT (-118.0341153 33.97204009999963),"13225 Walnut St, Whittier, CA 90602, USA",-118.0341153,33.9720401,LA County Cooling Center,coolingcenters
POINT (-118.1447259 34.701575699999644),"777 W Jackman St, Lancaster, CA 93534, USA",-118.1447259,34.7015757,LA County Cooling Center,coolingcenters
POINT (-117.9632144 34.08681619999963),"4100 Baldwin Park Blvd, Baldwin Park, CA 91706, USA",-117.9632144,34.0868162,LA County Cooling Center,coolingcenters
POINT (-118.2450331 34.09910179999964),"1811 Ripple St, Los Angeles, CA 90039, USA",-118.2450331,34.0991018,City of LA Recreation Center,la_city_recreation_centers
POINT (-118.20482580000001 34.03899409999964),"2844 E 2nd St, Los Angeles, CA 90033, USA",-118.2048258,34.0389941,City of LA Recreation Center,la_city_recreation_centers
POINT (-118.406455 34.28137249999966),"12560 Filmore St, Pacoima, CA 91331, USA",-118.406455,34.2813725,City of LA Pool,la_city_year-round_pools
POINT (-118.00274730000001 33.93729929999962),"15390 Lambert Rd, Whittier, CA 90604, USA",-118.0027473,33.9372993,LA County Cooling Center,coolingcenters
POINT (-118.18787200000001 34.11330169999964),"6150 Piedmont Ave, Los Angeles, CA 90042, USA",-118.187872,34.1133017,City of LA Recreation Center,la_city_recreation_centers
POINT (-118.32716799999999 33.34310999999961),"215 Sumner Ave, Avalon, CA 90704, USA",-118.327168,33.34311,LA County Cooling Center,coolingcenters
POINT (-118.30316030000002 34.03016819999964),"2717 S Halldale Ave, Los Angeles, CA 90018, USA",-118.3031603,34.0301682,City of LA Recreation Center,la_city_recreation_centers
POINT (-117.97789180000001 34.13810969999963),"1301 Buena Vista St, Duarte, CA 91010, USA",-117.9778918,34.1381097,LA County Cooling Center,coolingcenters
POINT (-118.26723449999999 34.13379769999962),"4165 Chevy Chase Dr, Los Angeles, CA 90039, USA",-118.2672345,34.1337977,City of LA Recreation Center,la_city_recreation_centers
POINT (-118.3715329 34.043800799999644),"5931 W 18th St, Los Angeles, CA 90035, USA",-118.3715329,34.0438008,City of LA Pool,la_city_year-round_pools
POINT (-118.4031826 34.01389849999962),"4095 Overland Ave, Culver City, CA 90232, USA",-118.4031826,34.0138985,LA County Cooling Center,coolingcenters
POINT (-118.07802040000001 33.83116889999961),"11940 E Carson St, Hawaiian Gardens, CA 90716, USA",-118.0780204,33.8311689,LA County Cooling Center,coolingcenters
POINT (-118.2949707 33.73317949999961),"845 W 12th St, San Pedro, CA 90731, USA",-118.2949707,33.7331795,City of LA Recreation Center,la_city_recreation_centers
POINT (-118.2025695 34.06085479999963),"2230 Norfolk St, Los Angeles, CA 90033, USA",-118.2025695,34.0608548,City of LA Recreation Center,la_city_recreation_centers
POINT (-118.2946515 33.750779299999614),"863 S Herbert Ave, San Pedro, CA 90731, USA",-118.2946515,33.7507793,City of LA Recreation Center,la_city_recreation_centers
POINT (-118.550707 34.174123199999634),"5655 Vanalden Ave, Tarzana, CA 91356, USA",-118.550707,34.1741232,City of LA Recreation Center,la_city_recreation_centers
POINT (-118.1032857 33.846216399999626),"6600 Del Amo Blvd, Lakewood, CA 90713, USA",-118.1032857,33.8462164,LA County Cooling Center,coolingcenters
POINT (-118.31820440000001 33.835335599999624),"1318 Cravens Ave, Torrance, CA 90501, USA",-118.3182044,33.8353356,LA County Cooling Center,coolingcenters
POINT (-118.2232858 34.070828999999634),"1772 N Spring St, Los Angeles, CA 90031, USA",-118.2232858,34.070829,City of LA Recreation Center,la_city_recreation_centers
POINT (-118.2032604 34.095756899999635),"4545 Homer St, Los Angeles, CA 90031, USA",-118.2032604,34.0957569,City of LA Recreation Center,la_city_recreation_centers
POINT (-118.28372200000001 33.7098649999996),"3800 Stephen M White Dr, San Pedro, CA 90731, USA",-118.283722,33.709865,City of LA Recreation Center,la_city_recreation_centers
POINT (-118.3715329 34.043800799999644),"5931 W 18th St, Los Angeles, CA 90035, USA",-118.3715329,34.0438008,City of LA Recreation Center,la_city_recreation_centers
POINT (-118.2668941 33.97057179999963),"7630 Towne Ave, Los Angeles, CA 90003, USA",-118.2668941,33.9705718,City of LA Pool,la_city_year-round_pools
POINT (-118.2833114 34.032814699999655),"1010 W 25th St, Los Angeles, CA 90007, USA",-118.2833114,34.0328147,City of LA Recreation Center,la_city_recreation_centers
POINT (-118.08766890000001 33.99012799999963),"9200 Mines Ave, Pico Rivera, CA 90660, USA",-118.0876689,33.990128,LA County Cooling Center,coolingcenters
POINT (-118.03571619999998 34.06710209999962),"3224 Tyler Ave, El Monte, CA 91731, USA",-118.0357162,34.0671021,LA County Cooling Center,coolingcenters
POINT (-118.4555809 34.006578199999645),"1341 Lake St, Venice, CA 90291, USA",-118.4555809,34.0065782,City of LA Recreation Center,la_city_recreation_centers
POINT (-118.03187399999999 34.12846029999964),"20 W Duarte Rd, Arcadia, CA 91007, USA",-118.031874,34.1284603,LA County Cooling Center,coolingcenters
POINT (-118.24492830000001 34.13854609999965),"820 E Maple St, Glendale, CA 91205, USA",-118.2449283,34.1385461,LA County Cooling Center,coolingcenters
POINT (-117.7160321 34.09589339999963),"208 Harvard Ave N, Claremont, CA 91711, USA",-117.7160321,34.0958934,LA County Cooling Center,coolingcenters
POINT (-118.453568 34.038497799999625),"1835 Stoner Ave, Los Angeles, CA 90025, USA",-118.453568,34.0384978,City of LA Recreation Center,la_city_recreation_centers
POINT (-118.2439604 33.95605299999962),"8908 Maie Ave, Los Angeles, CA 90002, USA",-118.2439604,33.956053,LA County Cooling Center,coolingcenters
POINT (-118.41757310000001 34.03306259999964),"2950 Overland Ave, Los Angeles, CA 90064, USA",-118.4175731,34.0330626,City of LA Recreation Center,la_city_recreation_centers
POINT (-118.0806726 33.903174699999646),"14040 San Antonio Dr, Norwalk, CA 90650, USA",-118.0806726,33.9031747,LA County Cooling Center,coolingcenters
POINT (-118.367152 34.14589079999966),"10844 Acama St, Studio City, CA 91602, USA",-118.367152,34.1458908,City of LA Recreation Center,la_city_recreation_centers
POINT (-118.25663670000002 33.790642499999606),"1331 Eubank Ave, Wilmington, CA 90744, USA",-118.2566367,33.7906425,City of LA Recreation Center,la_city_recreation_centers
POINT (-117.8046593 34.10706689999963),"201 E Bonita Ave, San Dimas, CA 91773, USA",-117.8046593,34.1070669,LA County Cooling Center,coolingcenters
POINT (-118.2334926 34.11594949999965),"3650 Verdugo Rd, Los Angeles, CA 90065, USA",-118.2334926,34.1159495,City of LA Recreation Center,la_city_recreation_centers
POINT (-118.2476661 34.00897049999964),"1501 E 41st St, Los Angeles, CA 90011, USA",-118.2476661,34.0089705,City of LA Recreation Center,la_city_recreation_centers
POINT (-118.14180029999999 34.69817169999966),"665 W Lancaster Blvd, Lancaster, CA 93534, USA",-118.1418003,34.6981717,LA County Cooling Center,coolingcenters
POINT (-118.4577981 34.22996059999966),"8825 Kester Ave, Panorama City, CA 91402, USA",-118.4577981,34.2299606,City of LA Recreation Center,la_city_recreation_centers
POINT (-118.5480087 34.21719819999963),"8120 Vanalden Ave, Reseda, CA 91335, USA",-118.5480087,34.2171982,City of LA Pool,la_city_year-round_pools
POINT (-118.15972370000001 34.03398729999964),"4837 E 3rd St, East Los Angeles, CA 90022, USA",-118.1597237,34.0339873,LA County Cooling Center,coolingcenters
POINT (-118.35034960000002 34.02182029999966),"5001 Obama Blvd, Los Angeles, CA 90016, USA",-118.3503496,34.0218203,City of LA Recreation Center,la_city_recreation_centers
POINT (-118.27806419999999 34.060126399999625),"2230 W 6th St, Los Angeles, CA 90057, USA",-118.2780642,34.0601264,City of LA Recreation Center,la_city_recreation_centers
POINT (-118.21963050000001 34.643142899999646),"5040 W Ave M 2, Quartz Hill, CA 93536, USA",-118.2196305,34.6431429,LA County Cooling Center,coolingcenters
POINT (-118.45905840000002 34.416476799999636),"18601 Soledad Canyon Rd, Santa Clarita, CA 91351, USA",-118.4590584,34.4164768,LA County Cooling Center,coolingcenters
POINT (-118.19742300000001 34.49502589999965),"33792 Crown Valley Rd, Acton, CA 93510, USA",-118.197423,34.4950259,LA County Cooling Center,coolingcenters
POINT (-118.01042040000002 33.90508869999963),"13810 La Mirada Blvd, La Mirada, CA 90638, USA",-118.0104204,33.9050887,LA County Cooling Center,coolingcenters
POINT (-118.28233059999998 33.976141599999636),"7020 S Figueroa St, Los Angeles, CA 90003, USA",-118.2823306,33.9761416,City of LA Recreation Center,la_city_recreation_centers
POINT (-118.4153861 33.95950079999963),"7000 W Manchester Ave, Los Angeles, CA 90045, USA",-118.4153861,33.9595008,City of LA Recreation Center,la_city_recreation_centers
POINT (-118.44311240000002 33.98288809999961),"4533 Admiralty Way, Marina Del Rey, CA 90292, USA",-118.4431124,33.9828881,LA County Cooling Center,coolingcenters
POINT (-118.2073396 34.13340339999965),"1840 Yosemite Dr, Los Angeles, CA 90041, USA",-118.2073396,34.1334034,City of LA Recreation Center,la_city_recreation_centers
POINT (-118.09445910000001 34.04341549999962),"8051 Arroyo Dr, Rosemead, CA 91770, USA",-118.0944591,34.0434155,LA County Cooling Center,coolingcenters
POINT (-118.45433780000002 34.21510819999964),"14740 Blythe St, Panorama City, CA 91402, USA",-118.4543378,34.2151082,City of LA Recreation Center,la_city_recreation_centers
POINT (-118.0346185 33.97291879999959),"7630 Washington Ave, Whittier, CA 90602, USA",-118.0346185,33.9729188,LA County Cooling Center,coolingcenters
POINT (-118.5311464 34.18717589999963),"18255 Victory Blvd, Reseda, CA 91335, USA",-118.5311464,34.1871759,LA County Cooling Center,coolingcenters
POINT (-118.5245752 34.04220109999962),"851 Alma Real Dr, Pacific Palisades, CA 90272, USA",-118.5245752,34.0422011,City of LA Recreation Center,la_city_recreation_centers
POINT (-118.12150299999999 33.882448699999614),"9945 Flower St, Bellflower, CA 90706, USA",-118.121503,33.8824487,LA County Cooling Center,coolingcenters
POINT (-118.28947860000001 34.01225699999964),"3980 Bill Robertson Ln, Los Angeles, CA 90037, USA",-118.2894786,34.012257,City of LA Recreation Center,la_city_recreation_centers
POINT (-117.90540190000002 34.13481429999965),"729 N Dalton Ave, Azusa, CA 91702, USA",-117.9054019,34.1348143,LA County Cooling Center,coolingcenters
POINT (-118.1857188 33.94267489999964),"4855 Tweedy Blvd, South Gate, CA 90280, USA",-118.1857188,33.9426749,LA County Cooling Center,coolingcenters
POINT (-118.354284 33.897885099999634),"14717 Burin Ave, Lawndale, CA 90260, USA",-118.354284,33.8978851,LA County Cooling Center,coolingcenters
POINT (-118.3749644 34.24905849999964),"9901 Dronfield Ave, Sun Valley, CA 91352, USA",-118.3749644,34.2490585,City of LA Recreation Center,la_city_recreation_centers
POINT (-118.4451057 34.19426509999964),"14301 Vanowen St, Van Nuys, CA 91405, USA",-118.4451057,34.1942651,City of LA Recreation Center,la_city_recreation_centers
POINT (-118.3699532 33.97969319999962),"1201 La Tijera Blvd, Los Angeles, CA 90056, USA",-118.3699532,33.9796932,LA County Cooling Center,coolingcenters
POINT (-118.2327892 34.116956599999654),"3704 Verdugo Rd, Los Angeles, CA 90065, USA",-118.2327892,34.1169566,City of LA Pool,la_city_year-round_pools
POINT (-118.32957540000001 34.091832899999645),"1122 Cole Ave, Los Angeles, CA 90038, USA",-118.3295754,34.0918329,City of LA Recreation Center,la_city_recreation_centers
POINT (-118.201538 34.06594589999965),"3501 Valley Blvd, Los Angeles, CA 90031, USA",-118.201538,34.0659459,City of LA Recreation Center,la_city_recreation_centers
POINT (-118.4888308 34.07678449999965),"1000 Hanley Ave, Los Angeles, CA 90049, USA",-118.4888308,34.0767845,City of LA Recreation Center,la_city_recreation_centers
POINT (-118.18179550000002 34.075857599999615),"4721 Klamath St, Los Angeles, CA 90032, USA",-118.1817955,34.0758576,City of LA Pool,la_city_year-round_pools
POINT (-118.38468149999999 34.04946709999963),"1641 Preuss Rd, Los Angeles, CA 90035, USA",-118.3846815,34.0494671,City of LA Recreation Center,la_city_recreation_centers
POINT (-118.0676089 33.96434459999961),"11640 Slauson Ave, Whittier, CA 90606, USA",-118.0676089,33.9643446,LA County Cooling Center,coolingcenters
POINT (-118.406455 34.28137249999966),"12560 Filmore St, Pacoima, CA 91331, USA",-118.406455,34.2813725,City of LA Recreation Center,la_city_recreation_centers
POINT (-118.4281674 34.01770959999963),"11430 Woodbine St, Los Angeles, CA 90066, USA",-118.4281674,34.0177096,City of LA Recreation Center,la_city_recreation_centers
POINT (-118.0109562 33.90579559999964),"13800 La Mirada Blvd, La Mirada, CA 90638, USA",-118.0109562,33.9057956,LA County Cooling Center,coolingcenters
POINT (-117.83070619999998 33.999067399999646),"21800 Copley Dr, Diamond Bar, CA 91765, USA",-117.8307062,33.9990674,LA County Cooling Center,coolingcenters
POINT (-118.03548410000002 34.06500219999963),"3120 Tyler Ave, El Monte, CA 91731, USA",-118.0354841,34.0650022,LA County Cooling Center,coolingcenters
POINT (-118.4078589 34.045249999999655),"2551 Motor Ave, Los Angeles, CA 90064, USA",-118.4078589,34.04525,City of LA Recreation Center,la_city_recreation_centers
POINT (-118.3463592 34.028246599999626),"2942 Vineyard Ave, Los Angeles, CA 90016, USA",-118.3463592,34.0282466,City of LA Recreation Center,la_city_recreation_centers
POINT (-118.18179550000002 34.075857599999615),"4721 Klamath St, Los Angeles, CA 90032, USA",-118.1817955,34.0758576,City of LA Recreation Center,la_city_recreation_centers
POINT (-118.44805200000002 34.05323179999963),"1350 S Sepulveda Blvd, Los Angeles, CA 90025, USA",-118.448052,34.0532318,City of LA Pool,la_city_year-round_pools
POINT (-118.42261050000002 34.232212399999646),"13306 Branford St, Pacoima, CA 91331, USA",-118.4226105,34.2322124,City of LA Recreation Center,la_city_recreation_centers
POINT (-118.28769739999998 33.97622499999964),"830 W 70th St, Los Angeles, CA 90044, USA",-118.2876974,33.976225,City of LA Recreation Center,la_city_recreation_centers
POINT (-118.19264090000001 33.89549749999963),"15116 Atlantic Ave, Compton, CA 90221, USA",-118.1926409,33.8954975,LA County Cooling Center,coolingcenters
POINT (-118.28947860000001 34.01225699999964),"3980 Bill Robertson Ln, Los Angeles, CA 90037, USA",-118.2894786,34.012257,City of LA Pool,la_city_year-round_pools
POINT (-118.2839838 33.78663849999962),"1221 Figueroa Pl, Wilmington, CA 90744, USA",-118.2839838,33.7866385,City of LA Recreation Center,la_city_recreation_centers
POINT (-118.5302762 34.381616299999635),"24500 Main St, Santa Clarita, CA 91321, USA",-118.5302762,34.3816163,LA County Cooling Center,coolingcenters
POINT (-118.11606260000002 34.57910779999966),"700 E Palmdale Blvd, Palmdale, CA 93550, USA",-118.1160626,34.5791078,LA County Cooling Center,coolingcenters
POINT (-118.51461600000002 34.03792949999961),"601 Latimer Rd, Santa Monica, CA 90402, USA",-118.514616,34.0379295,City of LA Recreation Center,la_city_recreation_centers
POINT (-118.3499676 34.08769519999965),"7341 Willoughby Ave, Los Angeles, CA 90046, USA",-118.3499676,34.0876952,City of LA Recreation Center,la_city_recreation_centers
POINT (-118.13338909999999 33.84868659999963),"4990 Clark Ave, Lakewood, CA 90712, USA",-118.1333891,33.8486866,LA County Cooling Center,coolingcenters
POINT (-118.30267750000002 34.090549499999646),"5170 Santa Monica Blvd, Los Angeles, CA 90029, USA",-118.3026775,34.0905495,LA County Cooling Center,coolingcenters
POINT (-118.61993810000001 34.19450279999965),"22633 Vanowen St, West Hills, CA 91307, USA",-118.6199381,34.1945028,City of LA Recreation Center,la_city_recreation_centers
POINT (-118.49665239999999 34.263635899999635),"16730 Chatsworth St, Granada Hills, CA 91344, USA",-118.4966524,34.2636359,City of LA Recreation Center,la_city_recreation_centers
POINT (-118.5326314 34.25411269999963),"18300 Lemarsh St, Northridge, CA 91325, USA",-118.5326314,34.2541127,City of LA Recreation Center,la_city_recreation_centers
POINT (-118.04783680000001 34.102765599999636),"10144 Bogue St, Temple City, CA 91780, USA",-118.0478368,34.1027656,LA County Cooling Center,coolingcenters
POINT (-118.04368779999999 34.13163089999965),"365 Campus Dr, Arcadia, CA 91007, USA",-118.0436878,34.1316309,LA County Cooling Center,coolingcenters
POINT (-118.23050480000002 34.19909609999961),"1613 Glencoe Way, Glendale, CA 91208, USA",-118.2305048,34.1990961,LA County Cooling Center,coolingcenters
POINT (-118.2830924 34.06206399999963),"625 S Lafayette Park Pl, Los Angeles, CA 90057, USA",-118.2830924,34.062064,City of LA Recreation Center,la_city_recreation_centers
POINT (-118.4076908 34.15142489999963),"12621 Rye St, Studio City, CA 91604, USA",-118.4076908,34.1514249,City of LA Recreation Center,la_city_recreation_centers
POINT (-117.7145101 34.08834739999964),"440 S College Ave, Claremont, CA 91711, USA",-117.7145101,34.0883474,LA County Cooling Center,coolingcenters
POINT (-118.35034960000002 34.02182029999966),"5001 Obama Blvd, Los Angeles, CA 90016, USA",-118.3503496,34.0218203,City of LA Pool,la_city_year-round_pools
POINT (-118.41316120000002 34.269269599999646),"10943 Herrick Ave, Pacoima, CA 91331, USA",-118.4131612,34.2692696,City of LA Recreation Center,la_city_recreation_centers
POINT (-118.4688547 34.06132959999964),"333 S Barrington Ave, Los Angeles, CA 90049, USA",-118.4688547,34.0613296,City of LA Recreation Center,la_city_recreation_centers
POINT (-118.3799724 34.16759459999966),"11430 Chandler Blvd, North Hollywood, CA 91601, USA",-118.3799724,34.1675946,City of LA Recreation Center,la_city_recreation_centers
POINT (-118.27883649999998 34.03920959999963),"1725 Toberman St, Los Angeles, CA 90015, USA",-118.2788365,34.0392096,City of LA Recreation Center,la_city_recreation_centers
POINT (-118.60415260000002 34.21708529999964),"21816 Lanark St, Canoga Park, CA 91304, USA",-118.6041526,34.2170853,City of LA Recreation Center,la_city_recreation_centers
POINT (-118.1428974 34.15457459999963),"363 E Villa St, Pasadena, CA 91101, USA",-118.1428974,34.1545746,LA County Cooling Center,coolingcenters
POINT (-118.44945649999998 34.28552689999963),"505 S Huntington St, San Fernando, CA 91340, USA",-118.4494565,34.2855269,LA County Cooling Center,coolingcenters
POINT (-118.14024610000001 34.698481299999656),"601 W Lancaster Blvd, Lancaster, CA 93534, USA",-118.1402461,34.6984813,LA County Cooling Center,coolingcenters
POINT (-118.3540968 34.07544419999963),"7600 Beverly Blvd, Los Angeles, CA 90036, USA",-118.3540968,34.0754442,City of LA Recreation Center,la_city_recreation_centers
POINT (-118.1792959 34.03715019999966),"133 N Sunol Dr, Los Angeles, CA 90063, USA",-118.1792959,34.0371502,LA County Cooling Center,coolingcenters
POINT (-118.2120058 34.03752229999963),"456 S Mathews St, Los Angeles, CA 90033, USA",-118.2120058,34.0375223,City of LA Pool,la_city_year-round_pools
POINT (-118.4012211 34.22914959999965),"8851 Laurel Canyon Blvd, Sun Valley, CA 91352, USA",-118.4012211,34.2291496,City of LA Recreation Center,la_city_recreation_centers
POINT (-118.3302139 34.16413329999965),"300 N Buena Vista St, Burbank, CA 91505, USA",-118.3302139,34.1641333,LA County Cooling Center,coolingcenters
POINT (-118.7990087 34.144548399999636),"31220 Oak Crest Dr, Westlake Village, CA 91361, USA",-118.7990087,34.1445484,LA County Cooling Center,coolingcenters
POINT (-118.38975960000002 34.27136269999964),"11798 Foothill Blvd, Sylmar, CA 91342, USA",-118.3897596,34.2713627,City of LA Pool,la_city_year-round_pools
POINT (-118.26009810000001 34.06976909999963),"1632 Bellevue Ave, Los Angeles, CA 90026, USA",-118.2600981,34.0697691,City of LA Recreation Center,la_city_recreation_centers
POINT (-118.2324237 33.93125669999964),"2250 E 114th St, Los Angeles, CA 90059, USA",-118.2324237,33.9312567,City of LA Recreation Center,la_city_recreation_centers
POINT (-117.9611536 34.002791499999624),"1545 S Stimson Ave, Hacienda Heights, CA 91745, USA",-117.9611536,34.0027915,LA County Cooling Center,coolingcenters
POINT (-118.3039273 33.902928499999625),"14112 Kingsley Dr, Gardena, CA 90249, USA",-118.3039273,33.9029285,LA County Cooling Center,coolingcenters
POINT (-118.4067137 33.993834599999644),"5072 S Slauson Ave, Los Angeles, CA 90230, USA",-118.4067137,33.9938346,City of LA Recreation Center,la_city_recreation_centers
POINT (-117.9724469 34.572772999999664),"8773 E Avenue R, Littlerock, CA 93543, USA",-117.9724469,34.572773,LA County Cooling Center,coolingcenters
POINT (-118.24727170000001 33.99443009999964),"5306 Compton Ave, Los Angeles, CA 90011, USA",-118.2472717,33.9944301,City of LA Recreation Center,la_city_recreation_centers
POINT (-117.78282610000001 34.04916099999963),"1808 W 9th St, Pomona, CA 91766, USA",-117.7828261,34.049161,LA County Cooling Center,coolingcenters
POINT (-118.37075679999998 33.7707746999996),"701 Silver Spur Rd, Rolling Hills Estates, CA 90274, USA",-118.3707568,33.7707747,LA County Cooling Center,coolingcenters
POINT (-118.24731730000002 33.99013329999961),"5790 Compton Ave, Los Angeles, CA 90011, USA",-118.2473173,33.9901333,City of LA Recreation Center,la_city_recreation_centers
POINT (-118.3729288 34.187151099999646),"11117 Victory Blvd, North Hollywood, CA 91606, USA",-118.3729288,34.1871511,City of LA Recreation Center,la_city_recreation_centers
POINT (-118.3350339 34.10336499999961),"6671 Yucca St, Los Angeles, CA 90028, USA",-118.3350339,34.103365,City of LA Recreation Center,la_city_recreation_centers
POINT (-118.6402736 34.21823929999964),"23600 Roscoe Blvd, West Hills, CA 91304, USA",-118.6402736,34.2182393,City of LA Recreation Center,la_city_recreation_centers
POINT (-118.35082300000002 33.96345599999964),"111 N Locust St, Inglewood, CA 90301, USA",-118.350823,33.963456,LA County Cooling Center,coolingcenters
POINT (-118.43853550000001 34.265630399999644),"10736 Laurel Canyon Blvd, Pacoima, CA 91331, USA",-118.4385355,34.2656304,City of LA Recreation Center,la_city_recreation_centers
POINT (-118.44805200000002 34.05323179999963),"1350 S Sepulveda Blvd, Los Angeles, CA 90025, USA",-118.448052,34.0532318,City of LA Recreation Center,la_city_recreation_centers
POINT (-118.216267 34.04148139999963),"415 S St Louis St, Los Angeles, CA 90033, USA",-118.216267,34.0414814,City of LA Recreation Center,la_city_recreation_centers
POINT (-118.61457070000002 34.25787599999964),"22360 Devonshire St, Chatsworth, CA 91311, USA",-118.6145707,34.257876,City of LA Recreation Center,la_city_recreation_centers
POINT (-117.91313120000001 34.126660199999634),"320 N Orange Ave, Azusa, CA 91702, USA",-117.9131312,34.1266602,LA County Cooling Center,coolingcenters
POINT (-117.90069900000002 34.00975179999965),"515 Deepmead Ave, La Puente, CA 91744, USA",-117.900699,34.0097518,LA County Cooling Center,coolingcenters
POINT (-118.31979900000002 33.73008469999962),"1920 Cumbre Dr, San Pedro, CA 90732, USA",-118.319799,33.7300847,City of LA Recreation Center,la_city_recreation_centers
POINT (-118.21126880000001 34.075679299999635),"2911 Altura St, Los Angeles, CA 90031, USA",-118.2112688,34.0756793,City of LA Recreation Center,la_city_recreation_centers
POINT (-118.15409650000001 33.92825159999964),"7810 Quill Dr, Downey, CA 90242, USA",-118.1540965,33.9282516,LA County Cooling Center,coolingcenters
POINT (-118.2050543 34.09782049999963),"4580 N Figueroa St, Los Angeles, CA 90065, USA",-118.2050543,34.0978205,City of LA Recreation Center,la_city_recreation_centers
POINT (-118.21280880000002 34.05301839999964),"716 N State St, Los Angeles, CA 90033, USA",-118.2128088,34.0530184,City of LA Recreation Center,la_city_recreation_centers
POINT (-118.04656520000002 34.04691659999963),"1556 Central Ave, South El Monte, CA 91733, USA",-118.0465652,34.0469166,LA County Cooling Center,coolingcenters
POINT (-118.12808619999998 34.065705599999646),"400 W Emerson Ave, Monterey Park, CA 91754, USA",-118.1280862,34.0657056,LA County Cooling Center,coolingcenters
POINT (-118.3187296 33.990642199999634),"5720 2nd Ave, Los Angeles, CA 90043, USA",-118.3187296,33.9906422,City of LA Recreation Center,la_city_recreation_centers
POINT (-118.4416851 34.227484599999634),"8600 Hazeltine Ave, Panorama City, CA 91402, USA",-118.4416851,34.2274846,City of LA Recreation Center,la_city_recreation_centers
POINT (-118.24800259999999 33.967811499999634),"7807 Compton Ave, Los Angeles, CA 90001, USA",-118.2480026,33.9678115,LA County Cooling Center,coolingcenters
POINT (-118.4103794 33.886896199999626),"1320 Highland Ave, Manhattan Beach, CA 90266, USA",-118.4103794,33.8868962,LA County Cooling Center,coolingcenters
POINT (-118.1579834 33.90123229999964),"14400 Paramount Blvd, Paramount, CA 90723, USA",-118.1579834,33.9012323,LA County Cooling Center,coolingcenters
POINT (-118.3114844 33.959094799999626),"8701 S St Andrews Pl, Los Angeles, CA 90047, USA",-118.3114844,33.9590948,City of LA Recreation Center,la_city_recreation_centers
